date,sp500
1999-03-25,1289.99
1999-03-26,1282.8
1999-03-29,1310.17
1999-03-30,1300.75
1999-03-31,1286.37
1999-04-01,1293.72
1999-04-05,1321.12
1999-04-06,1317.89
1999-04-07,1326.89
1999-04-08,1343.98
1999-04-09,1348.35
1999-04-12,1358.63
1999-04-13,1349.82
1999-04-14,1328.44
1999-04-15,1322.85
1999-04-16,1319
1999-04-19,1289.48
1999-04-20,1306.17
1999-04-21,1336.12
1999-04-22,1358.82
1999-04-23,1356.85
1999-04-26,1360.04
1999-04-27,1362.8
1999-04-28,1350.91
1999-04-29,1342.83
1999-04-30,1335.18
1999-05-03,1354.63
1999-05-04,1332
1999-05-05,1347.31
1999-05-06,1332.05
1999-05-07,1345
1999-05-10,1340.3
1999-05-11,1355.61
1999-05-12,1364
1999-05-13,1367.56
1999-05-14,1337.8
1999-05-17,1339.49
1999-05-18,1333.32
1999-05-19,1344.23
1999-05-20,1338.83
1999-05-21,1330.29
1999-05-24,1306.65
1999-05-25,1284.4
1999-05-26,1304.76
1999-05-27,1281.41
1999-05-28,1301.84
1999-06-01,1294.26
1999-06-02,1294.81
1999-06-03,1299.54
1999-06-04,1327.75
1999-06-07,1334.52
1999-06-08,1317.33
1999-06-09,1318.64
1999-06-10,1302.82
1999-06-11,1293.64
1999-06-14,1294
1999-06-15,1301.16
1999-06-16,1330.41
1999-06-17,1339.9
1999-06-18,1342.84
1999-06-21,1349
1999-06-22,1335.88
1999-06-23,1333.06
1999-06-24,1315.78
1999-06-25,1315.31
1999-06-28,1331.35
1999-06-29,1351.45
1999-06-30,1372.71
1999-07-01,1380.96
1999-07-02,1391.22
1999-07-06,1388.12
1999-07-07,1395.86
1999-07-08,1394.42
1999-07-09,1403.28
1999-07-12,1399.1
1999-07-13,1393.56
1999-07-14,1398.17
1999-07-15,1409.62
1999-07-16,1418.78
1999-07-19,1407.65
1999-07-20,1377.1
1999-07-21,1379.29
1999-07-22,1360.97
1999-07-23,1356.94
1999-07-26,1347.76
1999-07-27,1362.84
1999-07-28,1365.4
1999-07-29,1341.03
1999-07-30,1328.72
1999-08-02,1328.05
1999-08-03,1322.18
1999-08-04,1305.33
1999-08-05,1313.71
1999-08-06,1300.29
1999-08-09,1297.8
1999-08-10,1281.43
1999-08-11,1301.93
1999-08-12,1298.16
1999-08-13,1327.68
1999-08-16,1330.77
1999-08-17,1344.16
1999-08-18,1332.84
1999-08-19,1323.59
1999-08-20,1336.61
1999-08-23,1360.22
1999-08-24,1363.5
1999-08-25,1381.79
1999-08-26,1362.01
1999-08-27,1348.27
1999-08-30,1324.02
1999-08-31,1320.41
1999-09-01,1331.07
1999-09-02,1319.11
1999-09-03,1357.24
1999-09-07,1350.45
1999-09-08,1344.15
1999-09-09,1347.66
1999-09-10,1351.66
1999-09-13,1344.13
1999-09-14,1336.29
1999-09-15,1317.97
1999-09-16,1318.48
1999-09-17,1335.42
1999-09-20,1335.53
1999-09-21,1307.58
1999-09-22,1310.51
1999-09-23,1280.41
1999-09-24,1277.36
1999-09-27,1283.31
1999-09-28,1282.2
1999-09-29,1268.37
1999-09-30,1282.71
1999-10-01,1282.81
1999-10-04,1304.6
1999-10-05,1301.35
1999-10-06,1325.4
1999-10-07,1317.64
1999-10-08,1336.02
1999-10-11,1335.21
1999-10-12,1313.04
1999-10-13,1285.55
1999-10-14,1283.42
1999-10-15,1247.41
1999-10-18,1254.13
1999-10-19,1261.32
1999-10-20,1289.43
1999-10-21,1283.61
1999-10-22,1301.65
1999-10-25,1293.63
1999-10-26,1281.91
1999-10-27,1296.71
1999-10-28,1342.44
1999-10-29,1362.93
1999-11-01,1354.12
1999-11-02,1347.74
1999-11-03,1354.93
1999-11-04,1362.64
1999-11-05,1370.23
1999-11-08,1377.01
1999-11-09,1365.28
1999-11-10,1373.46
1999-11-11,1381.46
1999-11-12,1396.06
1999-11-15,1394.39
1999-11-16,1420.07
1999-11-17,1410.71
1999-11-18,1424.94
1999-11-19,1422
1999-11-22,1420.94
1999-11-23,1404.64
1999-11-24,1417.08
1999-11-26,1416.62
1999-11-29,1407.83
1999-11-30,1388.91
1999-12-01,1397.72
1999-12-02,1409.04
1999-12-03,1433.3
1999-12-06,1423.33
1999-12-07,1409.17
1999-12-08,1403.88
1999-12-09,1408.11
1999-12-10,1417.04
1999-12-13,1415.22
1999-12-14,1403.17
1999-12-15,1413.33
1999-12-16,1418.78
1999-12-17,1421.03
1999-12-20,1418.09
1999-12-21,1433.43
1999-12-22,1436.13
1999-12-23,1458.34
1999-12-27,1457.1
1999-12-28,1457.66
1999-12-29,1463.46
1999-12-30,1464.47
1999-12-31,1469.25
2000-01-03,1455.22
2000-01-04,1399.42
2000-01-05,1402.11
2000-01-06,1403.45
2000-01-07,1441.47
2000-01-10,1457.6
2000-01-11,1438.56
2000-01-12,1432.25
2000-01-13,1449.68
2000-01-14,1465.15
2000-01-18,1455.14
2000-01-19,1455.9
2000-01-20,1445.57
2000-01-21,1441.36
2000-01-24,1401.53
2000-01-25,1410.03
2000-01-26,1404.09
2000-01-27,1398.56
2000-01-28,1360.16
2000-01-31,1394.46
2000-02-01,1409.28
2000-02-02,1409.12
2000-02-03,1424.97
2000-02-04,1424.37
2000-02-07,1424.24
2000-02-08,1441.72
2000-02-09,1411.71
2000-02-10,1416.83
2000-02-11,1387.12
2000-02-14,1389.94
2000-02-15,1402.05
2000-02-16,1387.67
2000-02-17,1388.26
2000-02-18,1346.09
2000-02-22,1352.17
2000-02-23,1360.69
2000-02-24,1353.43
2000-02-25,1333.36
2000-02-28,1348.05
2000-02-29,1366.42
2000-03-01,1379.19
2000-03-02,1381.76
2000-03-03,1409.17
2000-03-06,1391.28
2000-03-07,1355.62
2000-03-08,1366.7
2000-03-09,1401.69
2000-03-10,1395.07
2000-03-13,1383.62
2000-03-14,1359.15
2000-03-15,1392.14
2000-03-16,1458.47
2000-03-17,1464.47
2000-03-20,1456.63
2000-03-21,1493.87
2000-03-22,1500.64
2000-03-23,1527.35
2000-03-24,1527.46
2000-03-27,1523.86
2000-03-28,1507.73
2000-03-29,1508.52
2000-03-30,1487.92
2000-03-31,1498.58
2000-04-03,1505.97
2000-04-04,1494.73
2000-04-05,1487.37
2000-04-06,1501.34
2000-04-07,1516.35
2000-04-10,1504.46
2000-04-11,1500.59
2000-04-12,1467.17
2000-04-13,1440.51
2000-04-14,1356.56
2000-04-17,1401.44
2000-04-18,1441.61
2000-04-19,1427.47
2000-04-20,1434.54
2000-04-24,1429.86
2000-04-25,1477.44
2000-04-26,1460.99
2000-04-27,1464.92
2000-04-28,1452.43
2000-05-01,1468.25
2000-05-02,1446.29
2000-05-03,1415.1
2000-05-04,1409.57
2000-05-05,1432.63
2000-05-08,1424.17
2000-05-09,1412.14
2000-05-10,1383.05
2000-05-11,1407.81
2000-05-12,1420.96
2000-05-15,1452.36
2000-05-16,1466.04
2000-05-17,1447.8
2000-05-18,1437.21
2000-05-19,1406.95
2000-05-22,1400.72
2000-05-23,1373.86
2000-05-24,1399.05
2000-05-25,1381.52
2000-05-26,1378.02
2000-05-30,1422.45
2000-05-31,1420.6
2000-06-01,1448.81
2000-06-02,1477.26
2000-06-05,1467.63
2000-06-06,1457.84
2000-06-07,1471.36
2000-06-08,1461.67
2000-06-09,1456.95
2000-06-12,1446
2000-06-13,1469.44
2000-06-14,1470.54
2000-06-15,1478.73
2000-06-16,1464.46
2000-06-19,1486
2000-06-20,1475.95
2000-06-21,1479.13
2000-06-22,1452.18
2000-06-23,1441.48
2000-06-26,1455.31
2000-06-27,1450.55
2000-06-28,1454.82
2000-06-29,1442.39
2000-06-30,1454.6
2000-07-03,1469.54
2000-07-05,1446.23
2000-07-06,1456.67
2000-07-07,1478.9
2000-07-10,1475.62
2000-07-11,1480.88
2000-07-12,1492.92
2000-07-13,1495.84
2000-07-14,1509.98
2000-07-17,1510.49
2000-07-18,1493.74
2000-07-19,1481.96
2000-07-20,1495.57
2000-07-21,1480.19
2000-07-24,1464.29
2000-07-25,1474.47
2000-07-26,1452.42
2000-07-27,1449.62
2000-07-28,1419.89
2000-07-31,1430.83
2000-08-01,1438.1
2000-08-02,1438.7
2000-08-03,1452.56
2000-08-04,1462.93
2000-08-07,1479.32
2000-08-08,1482.8
2000-08-09,1472.87
2000-08-10,1460.25
2000-08-11,1471.84
2000-08-14,1491.56
2000-08-15,1484.43
2000-08-16,1479.85
2000-08-17,1496.07
2000-08-18,1491.72
2000-08-21,1499.48
2000-08-22,1498.13
2000-08-23,1505.97
2000-08-24,1508.31
2000-08-25,1506.45
2000-08-28,1514.09
2000-08-29,1509.84
2000-08-30,1502.59
2000-08-31,1517.68
2000-09-01,1520.77
2000-09-05,1507.08
2000-09-06,1492.25
2000-09-07,1502.51
2000-09-08,1494.5
2000-09-11,1489.26
2000-09-12,1481.99
2000-09-13,1484.91
2000-09-14,1480.87
2000-09-15,1465.81
2000-09-18,1444.51
2000-09-19,1459.9
2000-09-20,1451.34
2000-09-21,1449.05
2000-09-22,1448.72
2000-09-25,1439.03
2000-09-26,1427.21
2000-09-27,1426.57
2000-09-28,1458.29
2000-09-29,1436.51
2000-10-02,1436.23
2000-10-03,1426.46
2000-10-04,1434.32
2000-10-05,1436.28
2000-10-06,1408.99
2000-10-09,1402.03
2000-10-10,1387.02
2000-10-11,1364.59
2000-10-12,1329.78
2000-10-13,1374.17
2000-10-16,1374.62
2000-10-17,1349.97
2000-10-18,1342.13
2000-10-19,1388.76
2000-10-20,1396.93
2000-10-23,1395.78
2000-10-24,1398.13
2000-10-25,1364.9
2000-10-26,1364.44
2000-10-27,1379.58
2000-10-30,1398.66
2000-10-31,1429.4
2000-11-01,1421.22
2000-11-02,1428.32
2000-11-03,1426.69
2000-11-06,1432.19
2000-11-07,1431.87
2000-11-08,1409.28
2000-11-09,1400.14
2000-11-10,1365.98
2000-11-13,1351.26
2000-11-14,1382.95
2000-11-15,1389.81
2000-11-16,1372.32
2000-11-17,1367.72
2000-11-20,1342.62
2000-11-21,1347.35
2000-11-22,1322.36
2000-11-24,1341.77
2000-11-27,1348.97
2000-11-28,1336.09
2000-11-29,1341.93
2000-11-30,1314.95
2000-12-01,1315.23
2000-12-04,1324.97
2000-12-05,1376.54
2000-12-06,1351.46
2000-12-07,1343.55
2000-12-08,1369.89
2000-12-11,1380.2
2000-12-12,1371.18
2000-12-13,1359.99
2000-12-14,1340.93
2000-12-15,1312.15
2000-12-18,1322.74
2000-12-19,1305.6
2000-12-20,1264.74
2000-12-21,1274.86
2000-12-22,1305.95
2000-12-26,1315.19
2000-12-27,1328.92
2000-12-28,1334.22
2000-12-29,1320.28
2001-01-02,1283.27
2001-01-03,1347.56
2001-01-04,1333.34
2001-01-05,1298.35
2001-01-08,1295.86
2001-01-09,1300.8
2001-01-10,1313.27
2001-01-11,1326.82
2001-01-12,1318.55
2001-01-16,1326.65
2001-01-17,1329.47
2001-01-18,1347.97
2001-01-19,1342.54
2001-01-22,1342.9
2001-01-23,1360.4
2001-01-24,1364.3
2001-01-25,1357.51
2001-01-26,1354.95
2001-01-29,1364.17
2001-01-30,1373.73
2001-01-31,1366.01
2001-02-01,1373.47
2001-02-02,1349.47
2001-02-05,1354.31
2001-02-06,1352.26
2001-02-07,1340.89
2001-02-08,1332.53
2001-02-09,1314.76
2001-02-12,1330.31
2001-02-13,1318.8
2001-02-14,1315.92
2001-02-15,1326.61
2001-02-16,1301.53
2001-02-20,1278.94
2001-02-21,1255.27
2001-02-22,1252.82
2001-02-23,1245.86
2001-02-26,1267.65
2001-02-27,1257.94
2001-02-28,1239.94
2001-03-01,1241.23
2001-03-02,1234.18
2001-03-05,1241.41
2001-03-06,1253.8
2001-03-07,1261.89
2001-03-08,1264.74
2001-03-09,1233.42
2001-03-12,1180.16
2001-03-13,1197.66
2001-03-14,1166.71
2001-03-15,1173.56
2001-03-16,1150.53
2001-03-19,1170.81
2001-03-20,1142.62
2001-03-21,1122.14
2001-03-22,1117.58
2001-03-23,1139.83
2001-03-26,1152.69
2001-03-27,1182.17
2001-03-28,1153.29
2001-03-29,1147.95
2001-03-30,1160.33
2001-04-02,1145.87
2001-04-03,1106.46
2001-04-04,1103.25
2001-04-05,1151.44
2001-04-06,1128.43
2001-04-09,1137.59
2001-04-10,1168.38
2001-04-11,1165.89
2001-04-12,1183.5
2001-04-16,1179.68
2001-04-17,1191.81
2001-04-18,1238.16
2001-04-19,1253.69
2001-04-20,1242.98
2001-04-23,1224.36
2001-04-24,1209.47
2001-04-25,1228.75
2001-04-26,1234.52
2001-04-27,1253.05
2001-04-30,1249.46
2001-05-01,1266.44
2001-05-02,1267.43
2001-05-03,1248.58
2001-05-04,1266.61
2001-05-07,1263.51
2001-05-08,1261.2
2001-05-09,1255.54
2001-05-10,1255.18
2001-05-11,1245.67
2001-05-14,1248.92
2001-05-15,1249.44
2001-05-16,1284.99
2001-05-17,1288.49
2001-05-18,1291.96
2001-05-21,1312.83
2001-05-22,1309.38
2001-05-23,1289.05
2001-05-24,1293.17
2001-05-25,1277.89
2001-05-29,1267.93
2001-05-30,1248.08
2001-05-31,1255.82
2001-06-01,1260.67
2001-06-04,1267.11
2001-06-05,1283.57
2001-06-06,1270.03
2001-06-07,1276.96
2001-06-08,1264.96
2001-06-11,1254.39
2001-06-12,1255.85
2001-06-13,1241.6
2001-06-14,1219.87
2001-06-15,1214.36
2001-06-18,1208.43
2001-06-19,1212.58
2001-06-20,1223.14
2001-06-21,1237.04
2001-06-22,1225.35
2001-06-25,1218.6
2001-06-26,1216.76
2001-06-27,1211.07
2001-06-28,1226.2
2001-06-29,1224.38
2001-07-02,1236.72
2001-07-03,1234.45
2001-07-05,1219.24
2001-07-06,1190.59
2001-07-09,1198.78
2001-07-10,1181.52
2001-07-11,1180.18
2001-07-12,1208.14
2001-07-13,1215.68
2001-07-16,1202.45
2001-07-17,1214.44
2001-07-18,1207.71
2001-07-19,1215.02
2001-07-20,1210.85
2001-07-23,1191.03
2001-07-24,1171.65
2001-07-25,1190.49
2001-07-26,1202.93
2001-07-27,1205.82
2001-07-30,1204.52
2001-07-31,1211.23
2001-08-01,1215.93
2001-08-02,1220.75
2001-08-03,1214.35
2001-08-06,1200.48
2001-08-07,1204.4
2001-08-08,1183.53
2001-08-09,1183.43
2001-08-10,1190.16
2001-08-13,1191.29
2001-08-14,1186.73
2001-08-15,1178.02
2001-08-16,1181.66
2001-08-17,1161.97
2001-08-20,1171.41
2001-08-21,1157.26
2001-08-22,1165.31
2001-08-23,1162.09
2001-08-24,1184.93
2001-08-27,1179.21
2001-08-28,1161.51
2001-08-29,1148.56
2001-08-30,1129.03
2001-08-31,1133.58
2001-09-04,1132.94
2001-09-05,1131.74
2001-09-06,1106.4
2001-09-07,1085.78
2001-09-10,1092.54
2001-09-17,1038.77
2001-09-18,1032.74
2001-09-19,1016.1
2001-09-20,984.54
2001-09-21,965.8
2001-09-24,1003.45
2001-09-25,1012.27
2001-09-26,1007.04
2001-09-27,1018.61
2001-09-28,1040.94
2001-10-01,1038.55
2001-10-02,1051.33
2001-10-03,1072.28
2001-10-04,1069.63
2001-10-05,1071.38
2001-10-08,1062.44
2001-10-09,1056.75
2001-10-10,1080.99
2001-10-11,1097.43
2001-10-12,1091.65
2001-10-15,1089.98
2001-10-16,1097.54
2001-10-17,1077.09
2001-10-18,1068.61
2001-10-19,1073.48
2001-10-22,1089.9
2001-10-23,1084.78
2001-10-24,1085.2
2001-10-25,1100.09
2001-10-26,1104.61
2001-10-29,1078.3
2001-10-30,1059.79
2001-10-31,1059.78
2001-11-01,1084.1
2001-11-02,1087.2
2001-11-05,1102.84
2001-11-06,1118.86
2001-11-07,1115.8
2001-11-08,1118.54
2001-11-09,1120.31
2001-11-12,1118.33
2001-11-13,1139.09
2001-11-14,1141.21
2001-11-15,1142.24
2001-11-16,1138.65
2001-11-19,1151.06
2001-11-20,1142.66
2001-11-21,1137.03
2001-11-23,1150.34
2001-11-26,1157.42
2001-11-27,1149.5
2001-11-28,1128.52
2001-11-29,1140.2
2001-11-30,1139.45
2001-12-03,1129.9
2001-12-04,1144.8
2001-12-05,1170.35
2001-12-06,1167.1
2001-12-07,1158.31
2001-12-10,1139.93
2001-12-11,1136.76
2001-12-12,1137.07
2001-12-13,1119.38
2001-12-14,1123.09
2001-12-17,1134.36
2001-12-18,1142.92
2001-12-19,1149.56
2001-12-20,1139.93
2001-12-21,1144.89
2001-12-24,1144.65
2001-12-26,1149.37
2001-12-27,1157.13
2001-12-28,1161.02
2001-12-31,1148.08
2002-01-02,1154.67
2002-01-03,1165.27
2002-01-04,1172.51
2002-01-07,1164.89
2002-01-08,1160.71
2002-01-09,1155.14
2002-01-10,1156.55
2002-01-11,1145.6
2002-01-14,1138.41
2002-01-15,1146.19
2002-01-16,1127.57
2002-01-17,1138.88
2002-01-18,1127.58
2002-01-22,1119.31
2002-01-23,1128.18
2002-01-24,1132.15
2002-01-25,1133.28
2002-01-28,1133.06
2002-01-29,1100.64
2002-01-30,1113.57
2002-01-31,1130.2
2002-02-01,1122.2
2002-02-04,1094.44
2002-02-05,1090.02
2002-02-06,1083.51
2002-02-07,1080.17
2002-02-08,1096.22
2002-02-11,1111.94
2002-02-12,1107.5
2002-02-13,1118.51
2002-02-14,1116.48
2002-02-15,1104.18
2002-02-19,1083.34
2002-02-20,1097.98
2002-02-21,1080.95
2002-02-22,1089.84
2002-02-25,1109.43
2002-02-26,1109.38
2002-02-27,1109.89
2002-02-28,1106.73
2002-03-01,1131.78
2002-03-04,1153.84
2002-03-05,1146.14
2002-03-06,1162.77
2002-03-07,1157.54
2002-03-08,1164.31
2002-03-11,1168.26
2002-03-12,1165.58
2002-03-13,1154.09
2002-03-14,1153.04
2002-03-15,1166.16
2002-03-18,1165.55
2002-03-19,1170.29
2002-03-20,1151.85
2002-03-21,1153.59
2002-03-22,1148.7
2002-03-25,1131.87
2002-03-26,1138.49
2002-03-27,1144.58
2002-03-28,1147.39
2002-04-01,1146.54
2002-04-02,1136.76
2002-04-03,1125.4
2002-04-04,1126.34
2002-04-05,1122.73
2002-04-08,1125.29
2002-04-09,1117.8
2002-04-10,1130.47
2002-04-11,1103.69
2002-04-12,1111.01
2002-04-15,1102.55
2002-04-16,1128.37
2002-04-17,1126.07
2002-04-18,1124.47
2002-04-19,1125.17
2002-04-22,1107.83
2002-04-23,1100.96
2002-04-24,1093.14
2002-04-25,1091.48
2002-04-26,1076.32
2002-04-29,1065.45
2002-04-30,1076.92
2002-05-01,1086.46
2002-05-02,1084.56
2002-05-03,1073.43
2002-05-06,1052.67
2002-05-07,1049.49
2002-05-08,1088.85
2002-05-09,1073.01
2002-05-10,1054.99
2002-05-13,1074.56
2002-05-14,1097.28
2002-05-15,1091.07
2002-05-16,1098.23
2002-05-17,1106.59
2002-05-20,1091.88
2002-05-21,1079.88
2002-05-22,1086.02
2002-05-23,1097.08
2002-05-24,1083.82
2002-05-28,1074.55
2002-05-29,1067.66
2002-05-30,1064.66
2002-05-31,1067.14
2002-06-03,1040.68
2002-06-04,1040.69
2002-06-05,1049.9
2002-06-06,1029.15
2002-06-07,1027.53
2002-06-10,1030.74
2002-06-11,1013.6
2002-06-12,1020.26
2002-06-13,1009.56
2002-06-14,1007.27
2002-06-17,1036.17
2002-06-18,1037.14
2002-06-19,1019.99
2002-06-20,1006.29
2002-06-21,989.14
2002-06-24,992.72
2002-06-25,976.14
2002-06-26,973.53
2002-06-27,990.64
2002-06-28,989.82
2002-07-01,968.65
2002-07-02,948.09
2002-07-03,953.99
2002-07-05,989.03
2002-07-08,976.98
2002-07-09,952.83
2002-07-10,920.47
2002-07-11,927.37
2002-07-12,921.39
2002-07-15,917.93
2002-07-16,900.94
2002-07-17,906.04
2002-07-18,881.56
2002-07-19,847.75
2002-07-22,819.85
2002-07-23,797.7
2002-07-24,843.43
2002-07-25,838.68
2002-07-26,852.84
2002-07-29,898.96
2002-07-30,902.78
2002-07-31,911.62
2002-08-01,884.66
2002-08-02,864.24
2002-08-05,834.6
2002-08-06,859.57
2002-08-07,876.77
2002-08-08,905.46
2002-08-09,908.64
2002-08-12,903.8
2002-08-13,884.21
2002-08-14,919.62
2002-08-15,930.25
2002-08-16,928.77
2002-08-19,950.7
2002-08-20,937.43
2002-08-21,949.36
2002-08-22,962.7
2002-08-23,940.86
2002-08-26,947.95
2002-08-27,934.82
2002-08-28,917.87
2002-08-29,917.8
2002-08-30,916.07
2002-09-03,878.02
2002-09-04,893.4
2002-09-05,879.15
2002-09-06,893.92
2002-09-09,902.96
2002-09-10,909.58
2002-09-11,909.45
2002-09-12,886.91
2002-09-13,889.81
2002-09-16,891.1
2002-09-17,873.52
2002-09-18,869.46
2002-09-19,843.32
2002-09-20,845.39
2002-09-23,833.7
2002-09-24,819.29
2002-09-25,839.66
2002-09-26,854.95
2002-09-27,827.37
2002-09-30,815.28
2002-10-01,847.91
2002-10-02,827.91
2002-10-03,818.95
2002-10-04,800.58
2002-10-07,785.28
2002-10-08,798.55
2002-10-09,776.76
2002-10-10,803.92
2002-10-11,835.32
2002-10-14,841.44
2002-10-15,881.27
2002-10-16,860.02
2002-10-17,879.2
2002-10-18,884.39
2002-10-21,899.72
2002-10-22,890.16
2002-10-23,896.14
2002-10-24,882.5
2002-10-25,897.65
2002-10-28,890.23
2002-10-29,882.15
2002-10-30,890.71
2002-10-31,885.76
2002-11-01,900.96
2002-11-04,908.35
2002-11-05,915.39
2002-11-06,923.76
2002-11-07,902.65
2002-11-08,894.74
2002-11-11,876.19
2002-11-12,882.95
2002-11-13,882.53
2002-11-14,904.27
2002-11-15,909.83
2002-11-18,900.36
2002-11-19,896.74
2002-11-20,914.15
2002-11-21,933.76
2002-11-22,930.55
2002-11-25,932.87
2002-11-26,913.31
2002-11-27,938.87
2002-11-29,936.31
2002-12-02,934.53
2002-12-03,920.75
2002-12-04,917.58
2002-12-05,906.55
2002-12-06,912.23
2002-12-09,892
2002-12-10,904.45
2002-12-11,904.96
2002-12-12,901.58
2002-12-13,889.48
2002-12-16,910.4
2002-12-17,902.99
2002-12-18,891.12
2002-12-19,884.25
2002-12-20,895.76
2002-12-23,897.38
2002-12-24,892.47
2002-12-26,889.66
2002-12-27,875.4
2002-12-30,879.39
2002-12-31,879.82
2003-01-02,909.03
2003-01-03,908.59
2003-01-06,929.01
2003-01-07,922.93
2003-01-08,909.93
2003-01-09,927.57
2003-01-10,927.57
2003-01-13,926.26
2003-01-14,931.66
2003-01-15,918.22
2003-01-16,914.6
2003-01-17,901.78
2003-01-21,887.62
2003-01-22,878.36
2003-01-23,887.34
2003-01-24,861.4
2003-01-27,847.48
2003-01-28,858.54
2003-01-29,864.36
2003-01-30,844.61
2003-01-31,855.7
2003-02-03,860.32
2003-02-04,848.2
2003-02-05,843.59
2003-02-06,838.15
2003-02-07,829.69
2003-02-10,835.97
2003-02-11,829.2
2003-02-12,818.68
2003-02-13,817.37
2003-02-14,834.89
2003-02-18,851.17
2003-02-19,845.13
2003-02-20,837.1
2003-02-21,848.17
2003-02-24,832.58
2003-02-25,838.57
2003-02-26,827.55
2003-02-27,837.28
2003-02-28,841.15
2003-03-03,834.81
2003-03-04,821.99
2003-03-05,829.85
2003-03-06,822.1
2003-03-07,828.89
2003-03-10,807.48
2003-03-11,800.73
2003-03-12,804.19
2003-03-13,831.9
2003-03-14,833.27
2003-03-17,862.79
2003-03-18,866.45
2003-03-19,874.02
2003-03-20,875.67
2003-03-21,895.79
2003-03-24,864.23
2003-03-25,874.74
2003-03-26,869.95
2003-03-27,868.52
2003-03-28,863.5
2003-03-31,848.18
2003-04-01,858.48
2003-04-02,880.9
2003-04-03,876.45
2003-04-04,878.85
2003-04-07,879.93
2003-04-08,878.29
2003-04-09,865.99
2003-04-10,871.58
2003-04-11,868.3
2003-04-14,885.23
2003-04-15,890.81
2003-04-16,879.91
2003-04-17,893.58
2003-04-21,892.01
2003-04-22,911.37
2003-04-23,919.02
2003-04-24,911.43
2003-04-25,898.81
2003-04-28,914.84
2003-04-29,917.84
2003-04-30,916.92
2003-05-01,916.3
2003-05-02,930.08
2003-05-05,926.55
2003-05-06,934.39
2003-05-07,929.62
2003-05-08,920.27
2003-05-09,933.41
2003-05-12,945.11
2003-05-13,942.3
2003-05-14,939.28
2003-05-15,946.67
2003-05-16,944.3
2003-05-19,920.77
2003-05-20,919.73
2003-05-21,923.42
2003-05-22,931.87
2003-05-23,933.22
2003-05-27,951.48
2003-05-28,953.22
2003-05-29,949.64
2003-05-30,963.59
2003-06-02,967
2003-06-03,971.56
2003-06-04,986.24
2003-06-05,990.14
2003-06-06,987.76
2003-06-09,975.93
2003-06-10,984.84
2003-06-11,997.48
2003-06-12,998.51
2003-06-13,988.61
2003-06-16,1010.74
2003-06-17,1011.66
2003-06-18,1010.09
2003-06-19,994.7
2003-06-20,995.69
2003-06-23,981.64
2003-06-24,983.45
2003-06-25,975.32
2003-06-26,985.82
2003-06-27,976.22
2003-06-30,974.5
2003-07-01,982.32
2003-07-02,993.75
2003-07-03,985.7
2003-07-07,1004.42
2003-07-08,1007.84
2003-07-09,1002.21
2003-07-10,988.7
2003-07-11,998.14
2003-07-14,1003.86
2003-07-15,1000.42
2003-07-16,994.09
2003-07-17,981.73
2003-07-18,993.32
2003-07-21,978.8
2003-07-22,988.11
2003-07-23,988.61
2003-07-24,981.6
2003-07-25,998.68
2003-07-28,996.52
2003-07-29,989.28
2003-07-30,987.49
2003-07-31,990.31
2003-08-01,980.15
2003-08-04,982.82
2003-08-05,965.46
2003-08-06,967.08
2003-08-07,974.12
2003-08-08,977.59
2003-08-11,980.59
2003-08-12,990.35
2003-08-13,984.03
2003-08-14,990.51
2003-08-15,990.67
2003-08-18,999.74
2003-08-19,1002.35
2003-08-20,1000.3
2003-08-21,1003.27
2003-08-22,993.06
2003-08-25,993.71
2003-08-26,996.73
2003-08-27,996.79
2003-08-28,1002.84
2003-08-29,1008.01
2003-09-02,1021.99
2003-09-03,1026.27
2003-09-04,1027.97
2003-09-05,1021.39
2003-09-08,1031.64
2003-09-09,1023.17
2003-09-10,1010.92
2003-09-11,1016.42
2003-09-12,1018.63
2003-09-15,1014.81
2003-09-16,1029.32
2003-09-17,1025.97
2003-09-18,1039.58
2003-09-19,1036.3
2003-09-22,1022.82
2003-09-23,1029.03
2003-09-24,1009.38
2003-09-25,1003.27
2003-09-26,996.85
2003-09-29,1006.58
2003-09-30,995.97
2003-10-01,1018.22
2003-10-02,1020.24
2003-10-03,1029.85
2003-10-06,1034.35
2003-10-07,1039.25
2003-10-08,1033.78
2003-10-09,1038.73
2003-10-10,1038.06
2003-10-13,1045.35
2003-10-14,1049.48
2003-10-15,1046.76
2003-10-16,1050.07
2003-10-17,1039.32
2003-10-20,1044.68
2003-10-21,1046.03
2003-10-22,1030.36
2003-10-23,1033.77
2003-10-24,1028.91
2003-10-27,1031.13
2003-10-28,1046.79
2003-10-29,1048.11
2003-10-30,1046.94
2003-10-31,1050.71
2003-11-03,1059.02
2003-11-04,1053.25
2003-11-05,1051.81
2003-11-06,1058.05
2003-11-07,1053.21
2003-11-10,1047.11
2003-11-11,1046.57
2003-11-12,1058.53
2003-11-13,1058.41
2003-11-14,1050.35
2003-11-17,1043.63
2003-11-18,1034.15
2003-11-19,1042.44
2003-11-20,1033.65
2003-11-21,1035.28
2003-11-24,1052.08
2003-11-25,1053.89
2003-11-26,1058.45
2003-11-28,1058.2
2003-12-01,1070.12
2003-12-02,1066.62
2003-12-03,1064.73
2003-12-04,1069.72
2003-12-05,1061.5
2003-12-08,1069.3
2003-12-09,1060.18
2003-12-10,1059.05
2003-12-11,1071.21
2003-12-12,1074.14
2003-12-15,1068.04
2003-12-16,1075.13
2003-12-17,1076.48
2003-12-18,1089.18
2003-12-19,1088.66
2003-12-22,1092.94
2003-12-23,1096.02
2003-12-24,1094.04
2003-12-26,1095.89
2003-12-29,1109.48
2003-12-30,1109.64
2003-12-31,1111.92
2004-01-02,1108.48
2004-01-05,1122.22
2004-01-06,1123.67
2004-01-07,1126.33
2004-01-08,1131.92
2004-01-09,1121.86
2004-01-12,1127.23
2004-01-13,1121.22
2004-01-14,1130.52
2004-01-15,1132.05
2004-01-16,1139.83
2004-01-20,1138.77
2004-01-21,1147.62
2004-01-22,1143.94
2004-01-23,1141.55
2004-01-26,1155.37
2004-01-27,1144.05
2004-01-28,1128.48
2004-01-29,1134.11
2004-01-30,1131.13
2004-02-02,1135.26
2004-02-03,1136.03
2004-02-04,1126.52
2004-02-05,1128.59
2004-02-06,1142.76
2004-02-09,1139.81
2004-02-10,1145.54
2004-02-11,1157.76
2004-02-12,1152.11
2004-02-13,1145.81
2004-02-17,1156.99
2004-02-18,1151.82
2004-02-19,1147.06
2004-02-20,1144.11
2004-02-23,1140.99
2004-02-24,1139.09
2004-02-25,1143.67
2004-02-26,1144.91
2004-02-27,1144.94
2004-03-01,1155.97
2004-03-02,1149.1
2004-03-03,1151.03
2004-03-04,1154.87
2004-03-05,1156.86
2004-03-08,1147.2
2004-03-09,1140.58
2004-03-10,1123.89
2004-03-11,1106.78
2004-03-12,1120.57
2004-03-15,1104.49
2004-03-16,1110.7
2004-03-17,1123.75
2004-03-18,1122.32
2004-03-19,1109.78
2004-03-22,1095.4
2004-03-23,1093.95
2004-03-24,1091.33
2004-03-25,1109.19
2004-03-26,1108.06
2004-03-29,1122.47
2004-03-30,1127
2004-03-31,1126.21
2004-04-01,1132.17
2004-04-02,1141.81
2004-04-05,1150.57
2004-04-06,1148.16
2004-04-07,1140.53
2004-04-08,1139.32
2004-04-12,1145.2
2004-04-13,1129.44
2004-04-14,1128.17
2004-04-15,1128.84
2004-04-16,1134.61
2004-04-19,1135.82
2004-04-20,1118.15
2004-04-21,1124.09
2004-04-22,1139.93
2004-04-23,1140.6
2004-04-26,1135.53
2004-04-27,1138.11
2004-04-28,1122.41
2004-04-29,1113.89
2004-04-30,1107.3
2004-05-03,1117.49
2004-05-04,1119.55
2004-05-05,1121.53
2004-05-06,1113.99
2004-05-07,1098.7
2004-05-10,1087.12
2004-05-11,1095.45
2004-05-12,1097.28
2004-05-13,1096.44
2004-05-14,1095.7
2004-05-17,1084.1
2004-05-18,1091.49
2004-05-19,1088.68
2004-05-20,1089.19
2004-05-21,1093.56
2004-05-24,1095.41
2004-05-25,1113.05
2004-05-26,1114.94
2004-05-27,1121.28
2004-05-28,1120.68
2004-06-01,1121.2
2004-06-02,1124.99
2004-06-03,1116.64
2004-06-04,1122.5
2004-06-07,1140.42
2004-06-08,1142.18
2004-06-09,1131.33
2004-06-10,1136.47
2004-06-14,1125.29
2004-06-15,1132.01
2004-06-16,1133.56
2004-06-17,1132.05
2004-06-18,1135.02
2004-06-21,1130.3
2004-06-22,1134.41
2004-06-23,1144.06
2004-06-24,1140.65
2004-06-25,1134.43
2004-06-28,1133.35
2004-06-29,1136.2
2004-06-30,1140.84
2004-07-01,1128.94
2004-07-02,1125.38
2004-07-06,1116.21
2004-07-07,1118.33
2004-07-08,1109.11
2004-07-09,1112.81
2004-07-12,1114.35
2004-07-13,1115.14
2004-07-14,1111.47
2004-07-15,1106.69
2004-07-16,1101.39
2004-07-19,1100.9
2004-07-20,1108.67
2004-07-21,1093.88
2004-07-22,1096.84
2004-07-23,1086.2
2004-07-26,1084.07
2004-07-27,1094.83
2004-07-28,1095.42
2004-07-29,1100.43
2004-07-30,1101.72
2004-08-02,1106.62
2004-08-03,1099.69
2004-08-04,1098.63
2004-08-05,1080.7
2004-08-06,1063.97
2004-08-09,1065.22
2004-08-10,1079.04
2004-08-11,1075.79
2004-08-12,1063.23
2004-08-13,1064.8
2004-08-16,1079.34
2004-08-17,1081.71
2004-08-18,1095.17
2004-08-19,1091.23
2004-08-20,1098.35
2004-08-23,1095.68
2004-08-24,1096.19
2004-08-25,1104.96
2004-08-26,1105.09
2004-08-27,1107.77
2004-08-30,1099.15
2004-08-31,1104.24
2004-09-01,1105.91
2004-09-02,1118.31
2004-09-03,1113.63
2004-09-07,1121.3
2004-09-08,1116.27
2004-09-09,1118.38
2004-09-10,1123.92
2004-09-13,1125.82
2004-09-14,1128.33
2004-09-15,1120.37
2004-09-16,1123.5
2004-09-17,1128.55
2004-09-20,1122.2
2004-09-21,1129.3
2004-09-22,1113.56
2004-09-23,1108.36
2004-09-24,1110.11
2004-09-27,1103.52
2004-09-28,1110.06
2004-09-29,1114.8
2004-09-30,1114.58
2004-10-01,1131.5
2004-10-04,1135.17
2004-10-05,1134.48
2004-10-06,1142.05
2004-10-07,1130.65
2004-10-08,1122.14
2004-10-11,1124.39
2004-10-12,1121.84
2004-10-13,1113.65
2004-10-14,1103.29
2004-10-15,1108.2
2004-10-18,1114.02
2004-10-19,1103.23
2004-10-20,1103.66
2004-10-21,1106.49
2004-10-22,1095.74
2004-10-25,1094.8
2004-10-26,1111.09
2004-10-27,1125.4
2004-10-28,1127.44
2004-10-29,1130.2
2004-11-01,1130.51
2004-11-02,1130.56
2004-11-03,1143.2
2004-11-04,1161.67
2004-11-05,1166.17
2004-11-08,1164.89
2004-11-09,1164.08
2004-11-10,1162.91
2004-11-11,1173.48
2004-11-12,1184.17
2004-11-15,1183.81
2004-11-16,1175.43
2004-11-17,1181.94
2004-11-18,1183.55
2004-11-19,1170.34
2004-11-22,1177.24
2004-11-23,1176.94
2004-11-24,1181.76
2004-11-26,1182.65
2004-11-29,1178.57
2004-11-30,1173.82
2004-12-01,1191.37
2004-12-02,1190.33
2004-12-03,1191.17
2004-12-06,1190.25
2004-12-07,1177.07
2004-12-08,1182.81
2004-12-09,1189.24
2004-12-10,1188
2004-12-13,1198.68
2004-12-14,1203.38
2004-12-15,1205.72
2004-12-16,1203.21
2004-12-17,1194.2
2004-12-20,1194.65
2004-12-21,1205.45
2004-12-22,1209.57
2004-12-23,1210.13
2004-12-27,1204.92
2004-12-28,1213.54
2004-12-29,1213.45
2004-12-30,1213.55
2004-12-31,1211.92
2005-01-03,1202.08
2005-01-04,1188.05
2005-01-05,1183.74
2005-01-06,1187.89
2005-01-07,1186.19
2005-01-10,1190.25
2005-01-11,1182.99
2005-01-12,1187.7
2005-01-13,1177.45
2005-01-14,1184.52
2005-01-18,1195.98
2005-01-19,1184.63
2005-01-20,1175.41
2005-01-21,1167.87
2005-01-24,1163.75
2005-01-25,1168.41
2005-01-26,1174.07
2005-01-27,1174.55
2005-01-28,1171.36
2005-01-31,1181.27
2005-02-01,1189.41
2005-02-02,1193.19
2005-02-03,1189.89
2005-02-04,1203.03
2005-02-07,1201.72
2005-02-08,1202.3
2005-02-09,1191.99
2005-02-10,1197.01
2005-02-11,1205.3
2005-02-14,1206.14
2005-02-15,1210.12
2005-02-16,1210.34
2005-02-17,1200.75
2005-02-18,1201.59
2005-02-22,1184.16
2005-02-23,1190.8
2005-02-24,1200.2
2005-02-25,1211.37
2005-02-28,1203.6
2005-03-01,1210.41
2005-03-02,1210.08
2005-03-03,1210.47
2005-03-04,1222.12
2005-03-07,1225.31
2005-03-08,1219.43
2005-03-09,1207.01
2005-03-10,1209.25
2005-03-11,1200.08
2005-03-14,1206.83
2005-03-15,1197.75
2005-03-16,1188.07
2005-03-17,1190.21
2005-03-18,1189.65
2005-03-21,1183.78
2005-03-22,1171.71
2005-03-23,1172.53
2005-03-24,1171.42
2005-03-28,1174.28
2005-03-29,1165.36
2005-03-30,1181.41
2005-03-31,1180.59
2005-04-01,1172.92
2005-04-04,1176.12
2005-04-05,1181.39
2005-04-06,1184.07
2005-04-07,1191.14
2005-04-08,1181.2
2005-04-11,1181.21
2005-04-12,1187.76
2005-04-13,1173.79
2005-04-14,1162.05
2005-04-15,1142.62
2005-04-18,1145.98
2005-04-19,1152.78
2005-04-20,1137.5
2005-04-21,1159.95
2005-04-22,1152.12
2005-04-25,1162.1
2005-04-26,1151.83
2005-04-27,1156.38
2005-04-28,1143.22
2005-04-29,1156.85
2005-05-02,1162.16
2005-05-03,1161.17
2005-05-04,1175.65
2005-05-05,1172.63
2005-05-06,1171.35
2005-05-09,1178.84
2005-05-10,1166.22
2005-05-11,1171.11
2005-05-12,1159.36
2005-05-13,1154.05
2005-05-16,1165.69
2005-05-17,1173.8
2005-05-18,1185.56
2005-05-19,1191.08
2005-05-20,1189.28
2005-05-23,1193.86
2005-05-24,1194.07
2005-05-25,1190.01
2005-05-26,1197.62
2005-05-27,1198.78
2005-05-31,1191.5
2005-06-01,1202.22
2005-06-02,1204.29
2005-06-03,1196.02
2005-06-06,1197.51
2005-06-07,1197.26
2005-06-08,1194.67
2005-06-09,1200.93
2005-06-10,1198.11
2005-06-13,1200.82
2005-06-14,1203.91
2005-06-15,1206.58
2005-06-16,1210.96
2005-06-17,1216.96
2005-06-20,1216.1
2005-06-21,1213.61
2005-06-22,1213.88
2005-06-23,1200.73
2005-06-24,1191.57
2005-06-27,1190.69
2005-06-28,1201.57
2005-06-29,1199.85
2005-06-30,1191.33
2005-07-01,1194.44
2005-07-05,1204.99
2005-07-06,1194.94
2005-07-07,1197.87
2005-07-08,1211.86
2005-07-11,1219.44
2005-07-12,1222.21
2005-07-13,1223.29
2005-07-14,1226.5
2005-07-15,1227.92
2005-07-18,1221.13
2005-07-19,1229.35
2005-07-20,1235.2
2005-07-21,1227.04
2005-07-22,1233.68
2005-07-25,1229.03
2005-07-26,1231.16
2005-07-27,1236.79
2005-07-28,1243.72
2005-07-29,1234.18
2005-08-01,1235.35
2005-08-02,1244.12
2005-08-03,1245.04
2005-08-04,1235.86
2005-08-05,1226.42
2005-08-08,1223.13
2005-08-09,1231.38
2005-08-10,1229.13
2005-08-11,1237.81
2005-08-12,1230.39
2005-08-15,1233.87
2005-08-16,1219.34
2005-08-17,1220.24
2005-08-18,1219.02
2005-08-19,1219.71
2005-08-22,1221.73
2005-08-23,1217.59
2005-08-24,1209.59
2005-08-25,1212.37
2005-08-26,1205.1
2005-08-29,1212.28
2005-08-30,1208.41
2005-08-31,1220.33
2005-09-01,1221.59
2005-09-02,1218.02
2005-09-06,1233.39
2005-09-07,1236.36
2005-09-08,1231.67
2005-09-09,1241.48
2005-09-12,1240.56
2005-09-13,1231.2
2005-09-14,1227.16
2005-09-15,1227.73
2005-09-16,1237.91
2005-09-19,1231.02
2005-09-20,1221.34
2005-09-21,1210.2
2005-09-22,1214.62
2005-09-23,1215.29
2005-09-26,1215.63
2005-09-27,1215.66
2005-09-28,1216.89
2005-09-29,1227.68
2005-09-30,1228.81
2005-10-03,1226.7
2005-10-04,1214.47
2005-10-05,1196.39
2005-10-06,1191.49
2005-10-07,1195.9
2005-10-10,1187.33
2005-10-11,1184.87
2005-10-12,1177.68
2005-10-13,1176.84
2005-10-14,1186.57
2005-10-17,1190.1
2005-10-18,1178.14
2005-10-19,1195.76
2005-10-20,1177.8
2005-10-21,1179.59
2005-10-24,1199.38
2005-10-25,1196.54
2005-10-26,1191.38
2005-10-27,1178.9
2005-10-28,1198.41
2005-10-31,1207.01
2005-11-01,1202.76
2005-11-02,1214.76
2005-11-03,1219.94
2005-11-04,1220.14
2005-11-07,1222.81
2005-11-08,1218.59
2005-11-09,1220.65
2005-11-10,1230.96
2005-11-11,1234.72
2005-11-14,1233.76
2005-11-15,1229.01
2005-11-16,1231.21
2005-11-17,1242.8
2005-11-18,1248.27
2005-11-21,1254.85
2005-11-22,1261.23
2005-11-23,1265.61
2005-11-25,1268.25
2005-11-28,1257.46
2005-11-29,1257.48
2005-11-30,1249.48
2005-12-01,1264.67
2005-12-02,1265.08
2005-12-05,1262.09
2005-12-06,1263.7
2005-12-07,1257.37
2005-12-08,1255.84
2005-12-09,1259.37
2005-12-12,1260.43
2005-12-13,1267.43
2005-12-14,1272.74
2005-12-15,1270.94
2005-12-16,1267.32
2005-12-19,1259.92
2005-12-20,1259.62
2005-12-21,1262.79
2005-12-22,1268.12
2005-12-23,1268.66
2005-12-27,1256.54
2005-12-28,1258.17
2005-12-29,1254.42
2005-12-30,1248.29
2006-01-03,1268.8
2006-01-04,1273.46
2006-01-05,1273.48
2006-01-06,1285.45
2006-01-09,1290.15
2006-01-10,1289.69
2006-01-11,1294.18
2006-01-12,1286.06
2006-01-13,1287.61
2006-01-17,1282.93
2006-01-18,1277.93
2006-01-19,1285.04
2006-01-20,1261.49
2006-01-23,1263.82
2006-01-24,1266.86
2006-01-25,1264.68
2006-01-26,1273.83
2006-01-27,1283.72
2006-01-30,1285.19
2006-01-31,1280.08
2006-02-01,1282.46
2006-02-02,1270.84
2006-02-03,1264.03
2006-02-06,1265.02
2006-02-07,1254.78
2006-02-08,1265.65
2006-02-09,1263.78
2006-02-10,1266.99
2006-02-13,1262.86
2006-02-14,1275.53
2006-02-15,1280
2006-02-16,1289.38
2006-02-17,1287.24
2006-02-21,1283.03
2006-02-22,1292.67
2006-02-23,1287.79
2006-02-24,1289.43
2006-02-27,1294.12
2006-02-28,1280.66
2006-03-01,1291.24
2006-03-02,1289.14
2006-03-03,1287.23
2006-03-06,1278.26
2006-03-07,1275.88
2006-03-08,1278.47
2006-03-09,1272.23
2006-03-10,1281.42
2006-03-13,1284.13
2006-03-14,1297.48
2006-03-15,1303.02
2006-03-16,1305.33
2006-03-17,1307.25
2006-03-20,1305.08
2006-03-21,1297.23
2006-03-22,1305.04
2006-03-23,1301.67
2006-03-24,1302.95
2006-03-27,1301.61
2006-03-28,1293.23
2006-03-29,1302.89
2006-03-30,1300.25
2006-03-31,1294.87
2006-04-03,1297.81
2006-04-04,1305.93
2006-04-05,1311.56
2006-04-06,1309.04
2006-04-07,1295.5
2006-04-10,1296.62
2006-04-11,1286.57
2006-04-12,1288.12
2006-04-13,1289.12
2006-04-17,1285.33
2006-04-18,1307.28
2006-04-19,1309.93
2006-04-20,1311.46
2006-04-21,1311.28
2006-04-24,1308.11
2006-04-25,1301.74
2006-04-26,1305.41
2006-04-27,1309.72
2006-04-28,1310.61
2006-05-01,1305.19
2006-05-02,1313.21
2006-05-03,1308.12
2006-05-04,1312.25
2006-05-05,1325.76
2006-05-08,1324.66
2006-05-09,1325.14
2006-05-10,1322.85
2006-05-11,1305.92
2006-05-12,1291.24
2006-05-15,1294.5
2006-05-16,1292.08
2006-05-17,1270.32
2006-05-18,1261.81
2006-05-19,1267.03
2006-05-22,1262.07
2006-05-23,1256.58
2006-05-24,1258.57
2006-05-25,1272.88
2006-05-26,1280.16
2006-05-30,1259.87
2006-05-31,1270.09
2006-06-01,1285.71
2006-06-02,1288.22
2006-06-05,1265.29
2006-06-06,1263.85
2006-06-07,1256.15
2006-06-08,1257.93
2006-06-09,1252.3
2006-06-12,1237.44
2006-06-13,1223.69
2006-06-14,1230.04
2006-06-15,1256.16
2006-06-16,1251.54
2006-06-19,1240.13
2006-06-20,1240.12
2006-06-21,1252.2
2006-06-22,1245.6
2006-06-23,1244.5
2006-06-26,1250.56
2006-06-27,1239.2
2006-06-28,1246
2006-06-29,1272.87
2006-06-30,1270.2
2006-07-03,1280.19
2006-07-05,1270.91
2006-07-06,1274.08
2006-07-07,1265.48
2006-07-10,1267.34
2006-07-11,1272.43
2006-07-12,1258.6
2006-07-13,1242.28
2006-07-14,1236.2
2006-07-17,1234.49
2006-07-18,1236.86
2006-07-19,1259.81
2006-07-20,1249.13
2006-07-21,1240.29
2006-07-24,1260.91
2006-07-25,1268.88
2006-07-26,1268.4
2006-07-27,1263.2
2006-07-28,1278.55
2006-07-31,1276.66
2006-08-01,1270.92
2006-08-02,1277.41
2006-08-03,1280.27
2006-08-04,1279.36
2006-08-07,1275.77
2006-08-08,1271.48
2006-08-09,1265.95
2006-08-10,1271.81
2006-08-11,1266.74
2006-08-14,1268.21
2006-08-15,1285.58
2006-08-16,1295.43
2006-08-17,1297.48
2006-08-18,1302.3
2006-08-21,1297.52
2006-08-22,1298.82
2006-08-23,1292.99
2006-08-24,1296.06
2006-08-25,1295.09
2006-08-28,1301.78
2006-08-29,1304.28
2006-08-30,1305.37
2006-08-31,1303.82
2006-09-01,1311.01
2006-09-05,1313.25
2006-09-06,1300.26
2006-09-07,1294.02
2006-09-08,1298.92
2006-09-11,1299.54
2006-09-12,1313
2006-09-13,1318.07
2006-09-14,1316.28
2006-09-15,1319.66
2006-09-18,1321.18
2006-09-19,1317.64
2006-09-20,1325.18
2006-09-21,1318.03
2006-09-22,1314.78
2006-09-25,1326.37
2006-09-26,1336.35
2006-09-27,1336.59
2006-09-28,1338.88
2006-09-29,1335.85
2006-10-02,1331.32
2006-10-03,1334.11
2006-10-04,1350.2
2006-10-05,1353.22
2006-10-06,1349.59
2006-10-09,1350.66
2006-10-10,1353.42
2006-10-11,1349.95
2006-10-12,1362.83
2006-10-13,1365.62
2006-10-16,1369.06
2006-10-17,1364.05
2006-10-18,1365.8
2006-10-19,1366.96
2006-10-20,1368.6
2006-10-23,1377.02
2006-10-24,1377.38
2006-10-25,1382.22
2006-10-26,1389.08
2006-10-27,1377.34
2006-10-30,1377.93
2006-10-31,1377.94
2006-11-01,1367.81
2006-11-02,1367.34
2006-11-03,1364.3
2006-11-06,1379.78
2006-11-07,1382.84
2006-11-08,1385.72
2006-11-09,1378.33
2006-11-10,1380.9
2006-11-13,1384.42
2006-11-14,1393.22
2006-11-15,1396.57
2006-11-16,1399.76
2006-11-17,1401.2
2006-11-20,1400.5
2006-11-21,1402.81
2006-11-22,1406.09
2006-11-24,1400.95
2006-11-27,1381.96
2006-11-28,1386.72
2006-11-29,1399.48
2006-11-30,1400.63
2006-12-01,1396.71
2006-12-04,1409.12
2006-12-05,1414.76
2006-12-06,1412.9
2006-12-07,1407.29
2006-12-08,1409.84
2006-12-11,1413.04
2006-12-12,1411.56
2006-12-13,1413.21
2006-12-14,1425.49
2006-12-15,1427.09
2006-12-18,1422.48
2006-12-19,1425.55
2006-12-20,1423.53
2006-12-21,1418.3
2006-12-22,1410.76
2006-12-26,1416.9
2006-12-27,1426.84
2006-12-28,1424.73
2006-12-29,1418.3
2007-01-03,1416.6
2007-01-04,1418.34
2007-01-05,1409.71
2007-01-08,1412.84
2007-01-09,1412.11
2007-01-10,1414.85
2007-01-11,1423.82
2007-01-12,1430.73
2007-01-16,1431.9
2007-01-17,1430.62
2007-01-18,1426.37
2007-01-19,1430.5
2007-01-22,1422.95
2007-01-23,1427.99
2007-01-24,1440.13
2007-01-25,1423.9
2007-01-26,1422.18
2007-01-29,1420.62
2007-01-30,1428.82
2007-01-31,1438.24
2007-02-01,1445.94
2007-02-02,1448.39
2007-02-05,1446.99
2007-02-06,1448
2007-02-07,1450.02
2007-02-08,1448.31
2007-02-09,1438.06
2007-02-12,1433.37
2007-02-13,1444.26
2007-02-14,1455.3
2007-02-15,1456.81
2007-02-16,1455.54
2007-02-20,1459.68
2007-02-21,1457.63
2007-02-22,1456.38
2007-02-23,1451.19
2007-02-26,1449.37
2007-02-27,1399.04
2007-02-28,1406.82
2007-03-01,1403.17
2007-03-02,1387.17
2007-03-05,1374.12
2007-03-06,1395.41
2007-03-07,1391.97
2007-03-08,1401.89
2007-03-09,1402.84
